<metadata xml:lang="ru"><Esri><CreaDate>20210125</CreaDate><CreaTime>12373800</CreaTime><SyncOnce>FALSE</SyncOnce><DataProperties><lineage><Process ToolSource="C:\Program Files\ArcGIS\ArcToolbox\Toolboxes\Data Management Tools.tbx\CalculateField" Date="20090319" Time="101028">CalculateField "C:\Documents and Settings\User\Рабочий стол\Для архитектуры\КОНВЕРТАЦИЯ\ШАБЛОН mdb\REAL.mdb\HYDRO\HDR_POL" NAME "басейн" VB # "C:\Documents and Settings\User\Рабочий стол\Для архитектуры\КОНВЕРТАЦИЯ\ШАБЛОН mdb\REAL.mdb\HYDRO\HDR_POL"</Process><Process ToolSource="C:\Program Files\ArcGIS\ArcToolbox\Toolboxes\Data Management Tools.tbx\CalculateField" Date="20090319" Time="101139">CalculateField "C:\Documents and Settings\User\Рабочий стол\Для архитектуры\КОНВЕРТАЦИЯ\ШАБЛОН mdb\REAL.mdb\HYDRO\HDR_POL" NAME "бассейн" VB # "C:\Documents and Settings\User\Рабочий стол\Для архитектуры\КОНВЕРТАЦИЯ\ШАБЛОН mdb\REAL.mdb\HYDRO\HDR_POL"</Process><Process ToolSource="C:\Program Files\ArcGIS\ArcToolbox\Toolboxes\Data Management Tools.tbx\CalculateField" Date="20090319" Time="101420">CalculateField "C:\Documents and Settings\User\Рабочий стол\Для архитектуры\КОНВЕРТАЦИЯ\ШАБЛОН mdb\REAL.mdb\HYDRO\HDR_POL" ID_STYLE "31130000" VB # "C:\Documents and Settings\User\Рабочий стол\Для архитектуры\КОНВЕРТАЦИЯ\ШАБЛОН mdb\REAL.mdb\HYDRO\HDR_POL"</Process><Process ToolSource="C:\Program Files\ArcGIS\ArcToolbox\Toolboxes\Data Management Tools.tbx\CopyFeatures" Date="20090609" Time="214332">CopyFeatures "Database Connections\oracle.sde\REAL.HYDRO\REAL.HDR_POL" D:\real_export.gdb\REAL_HDR_POL # 0 0 0</Process><Process ToolSource="C:\Program Files\ArcGIS\ArcToolbox\Toolboxes\Data Management Tools.tbx\AddField" Date="20101011" Time="193900">AddField "Database Connections\real.sde\REAL.HYDRO\REAL.HDR_POL" ID_STYLE1 LONG # # # # NULLABLE NON_REQUIRED # "Database Connections\real.sde\REAL.HYDRO\REAL.HDR_POL"</Process><Process ToolSource="C:\Program Files (x86)\ArcGIS\ArcToolbox\Toolboxes\Data Management Tools.tbx\CopyFeatures" Date="20200123" Time="145605">CopyFeatures "D:\выгрузка 2020\мдб\январь\real.mdb\HYDRO\HDR_POL" "D:\выгрузка 2020\шейп\январь\real\hydro\HDR_POL.shp" # 0 0 0</Process></lineage><itemProps><itemLocation><linkage Sync="TRUE">file://\\TRITONKAS\E$\Проекты\IMAQ\2DGIS\Входные данные для карты\shp\webmercator\Гидрография_Project.shp</linkage><protocol Sync="TRUE">Local Area Network</protocol></itemLocation><itemName Sync="TRUE">Гидрография_Project</itemName><imsContentType Sync="TRUE">002</imsContentType><itemSize Sync="TRUE">0.000</itemSize></itemProps><coordRef><type Sync="TRUE">Projected</type><geogcsn Sync="TRUE">GCS_WGS_1984</geogcsn><csUnits Sync="TRUE">Linear Unit: Meter (1.000000)</csUnits><projcsn Sync="TRUE">WGS_1984_Web_Mercator_Auxiliary_Sphere</projcsn><peXml Sync="TRUE">&lt;ProjectedCoordinateSystem xsi:type='typens:ProjectedCoordinateSystem' xmlns:xsi='http://www.w3.org/2001/XMLSchema-instance' xmlns:xs='http://www.w3.org/2001/XMLSchema' xmlns:typens='http://www.esri.com/schemas/ArcGIS/10.4'&gt;&lt;WKT&gt;PROJCS[&amp;quot;WGS_1984_Web_Mercator_Auxiliary_Sphere&amp;quot;,GEOGCS[&amp;quot;GCS_WGS_1984&amp;quot;,DATUM[&amp;quot;D_WGS_1984&amp;quot;,SPHEROID[&amp;quot;WGS_1984&amp;quot;,6378137.0,298.257223563]],PRIMEM[&amp;quot;Greenwich&amp;quot;,0.0],UNIT[&amp;quot;Degree&amp;quot;,0.0174532925199433]],PROJECTION[&amp;quot;Mercator_Auxiliary_Sphere&amp;quot;],PARAMETER[&amp;quot;False_Easting&amp;quot;,0.0],PARAMETER[&amp;quot;False_Northing&amp;quot;,0.0],PARAMETER[&amp;quot;Central_Meridian&amp;quot;,0.0],PARAMETER[&amp;quot;Standard_Parallel_1&amp;quot;,0.0],PARAMETER[&amp;quot;Auxiliary_Sphere_Type&amp;quot;,0.0],UNIT[&amp;quot;Meter&amp;quot;,1.0],AUTHORITY[&amp;quot;EPSG&amp;quot;,3857]]&lt;/WKT&gt;&lt;XOrigin&gt;-20037700&lt;/XOrigin&gt;&lt;YOrigin&gt;-30241100&lt;/YOrigin&gt;&lt;XYScale&gt;148923141.92838538&lt;/XYScale&gt;&lt;ZOrigin&gt;-100000&lt;/ZOrigin&gt;&lt;ZScale&gt;10000&lt;/ZScale&gt;&lt;MOrigin&gt;-100000&lt;/MOrigin&gt;&lt;MScale&gt;10000&lt;/MScale&gt;&lt;XYTolerance&gt;0.001&lt;/XYTolerance&gt;&lt;ZTolerance&gt;0.001&lt;/ZTolerance&gt;&lt;MTolerance&gt;0.001&lt;/MTolerance&gt;&lt;HighPrecision&gt;true&lt;/HighPrecision&gt;&lt;WKID&gt;102100&lt;/WKID&gt;&lt;LatestWKID&gt;3857&lt;/LatestWKID&gt;&lt;/ProjectedCoordinateSystem&gt;</peXml></coordRef></DataProperties><SyncDate>20210125</SyncDate><SyncTime>12390600</SyncTime><ModDate>20210125</ModDate><ModTime>12390600</ModTime><ArcGISFormat>1.0</ArcGISFormat></Esri><idinfo><citation><citeinfo><onlink Sync="TRUE">\\ORAREPLIKA\D$\выгрузка 2020\шейп\январь\real\hydro\HDR_POL.shp</onlink><origin>REQUIRED: The name of an organization or individual that developed the data set.</origin><pubdate>REQUIRED: The date when the data set is published or otherwise made available for release.</pubdate><title Sync="TRUE">HDR_POL</title><ftname Sync="TRUE">HDR_POL</ftname><geoform Sync="TRUE">vector digital data</geoform></citeinfo></citation><native Sync="TRUE">Microsoft Windows Vista Version 6.1 (Build 7601) Service Pack 1; ESRI ArcCatalog 9.3.1.1850</native><descript><langdata Sync="TRUE">ru</langdata><abstract>REQUIRED: A brief narrative summary of the data set.</abstract><purpose>REQUIRED: A summary of the intentions with which the data set was developed.</purpose></descript><timeperd><current>REQUIRED: The basis on which the time period of content information is determined.</current><timeinfo><sngdate><caldate>REQUIRED: The year (and optionally month, or month and day) for which the data set corresponds to the ground.</caldate></sngdate></timeinfo></timeperd><status><progress>REQUIRED: The state of the data set.</progress><update>REQUIRED: The frequency with which changes and additions are made to the data set after the initial data set is completed.</update></status><spdom><bounding><westbc Sync="TRUE">71.201713</westbc><eastbc Sync="TRUE">71.750895</eastbc><northbc Sync="TRUE">51.293116</northbc><southbc Sync="TRUE">50.956992</southbc></bounding><lboundng><leftbc Sync="TRUE">-15221.034003</leftbc><rightbc Sync="TRUE">22965.038192</rightbc><bottombc Sync="TRUE">-23525.255766</bottombc><topbc Sync="TRUE">13600.584300</topbc></lboundng></spdom><keywords><theme><themekt>REQUIRED: Reference to a formally registered thesaurus or a similar authoritative source of theme keywords.</themekt><themekey>REQUIRED: Common-use word or phrase used to describe the subject of the data set.</themekey></theme></keywords><accconst>REQUIRED: Restrictions and legal prerequisites for accessing the data set.</accconst><useconst>REQUIRED: Restrictions and legal prerequisites for using the data set after access is granted.</useconst><natvform Sync="TRUE">Шейп-файл</natvform></idinfo><distInfo><distributor><distorTran><onLineSrc><linkage Sync="TRUE">file://\\ORAREPLIKA\D$\выгрузка 2020\шейп\январь\real\hydro\HDR_POL.shp</linkage><protocol Sync="TRUE">Local Area Network</protocol><orDesc Sync="TRUE">002</orDesc></onLineSrc><transSize Sync="TRUE">0,000</transSize></distorTran><distorFormat><formatName Sync="TRUE">Шейп-файл</formatName></distorFormat></distributor><distFormat><formatName Sync="TRUE">Шейп-файл</formatName></distFormat><distTranOps><transSize Sync="TRUE">0.000</transSize></distTranOps></distInfo><dataqual><lineage><procstep><procdesc Sync="TRUE">Dataset copied.</procdesc><srcused Sync="TRUE">\\GEOSERVER\J$\REAL.mdb</srcused><procdate Sync="TRUE">20090401</procdate><proctime Sync="TRUE">12244000</proctime></procstep><procstep><procdesc Sync="TRUE">Dataset copied.</procdesc><srcused Sync="TRUE">\\GEOSERVER\E$\real_export.gdb</srcused><procdate Sync="TRUE">20090610</procdate><proctime Sync="TRUE">14175300</proctime></procstep><procstep><procdesc Sync="TRUE">Dataset copied.</procdesc><srcused Sync="TRUE">Server=192.168.111.7; Service=5151; Database=geodata; User=real; Version=SDE.DEFAULT</srcused><procdate Sync="TRUE">20090625</procdate><proctime Sync="TRUE">19164800</proctime></procstep><procstep><procdesc Sync="TRUE">Dataset copied.</procdesc><srcused Sync="TRUE">\\AKKK7\D$\250609_REAL.gdb</srcused><procdate Sync="TRUE">20090625</procdate><proctime Sync="TRUE">20032900</proctime></procstep><procstep><procdesc Sync="TRUE">Dataset copied.</procdesc><srcused Sync="TRUE">Server=192.168.111.7; Service=5151; Database=geodata; User=real; Version=SDE.DEFAULT</srcused><procdate Sync="TRUE">20091214</procdate><proctime Sync="TRUE">20470900</proctime></procstep><procstep><procdesc Sync="TRUE">Dataset copied.</procdesc><srcused Sync="TRUE">\\GEOSERVER\D$\BASE_zalivka\141209_real.gdb</srcused><procdate Sync="TRUE">20091215</procdate><proctime Sync="TRUE">00423500</proctime></procstep><procstep><procdesc Sync="TRUE">Dataset copied.</procdesc><srcused Sync="TRUE">Server=192.168.111.7; Service=5151; Database=geodata; User=real; Version=SDE.DEFAULT</srcused><procdate Sync="TRUE">20100708</procdate><proctime Sync="TRUE">20311500</proctime></procstep><procstep><procdesc Sync="TRUE">Dataset copied.</procdesc><srcused Sync="TRUE">\\Fileserver\e$\REZERV_COPY_ARC_GIS_08.07.2010\GDB\real.gdb</srcused><procdate Sync="TRUE">20100709</procdate><proctime Sync="TRUE">08291600</proctime></procstep><procstep><procdesc Sync="TRUE">Dataset copied.</procdesc><srcused Sync="TRUE">Server=192.168.111.7; Service=5151; Database=geodata; User=real; Version=SDE.DEFAULT</srcused><procdate Sync="TRUE">20101116</procdate><proctime Sync="TRUE">12065100</proctime></procstep><procstep><procdesc Sync="TRUE">Dataset copied.</procdesc><srcused Sync="TRUE">\\GEOSERVER\E$\COPY_16112010\real.mdb</srcused><procdate Sync="TRUE">20101117</procdate><proctime Sync="TRUE">09451000</proctime></procstep><procstep><procdesc Sync="TRUE">Dataset copied.</procdesc><srcused Sync="TRUE">Server=192.168.111.7; Service=5151; Database=geodata; User=real; Version=SDE.DEFAULT</srcused><procdate Sync="TRUE">20101126</procdate><proctime Sync="TRUE">18311200</proctime></procstep><procstep><procdesc Sync="TRUE">Dataset copied.</procdesc><srcused Sync="TRUE">\\GEOSERVER\D$\D_save\RESERV_2010\real_26112010.gdb</srcused><procdate Sync="TRUE">20101127</procdate><proctime Sync="TRUE">15351900</proctime></procstep><procstep><procdesc Sync="TRUE">Dataset copied.</procdesc><srcused Sync="TRUE">Server=192.168.111.7; Service=5151; Database=geodata; User=real; Version=SDE.DEFAULT</srcused><procdate Sync="TRUE">20110312</procdate><proctime Sync="TRUE">10560600</proctime></procstep><procstep><procdesc Sync="TRUE">Dataset copied.</procdesc><srcused Sync="TRUE">\\GEOSERVER\D$\RESERV_2011\PERENOS_BD\real_12032011.gdb</srcused><procdate Sync="TRUE">20110312</procdate><proctime Sync="TRUE">13501100</proctime></procstep><procstep><procdesc Sync="TRUE">Dataset copied.</procdesc><srcused Sync="TRUE">Server=192.168.111.7; Service=5151; Database=geodata; User=real; Version=SDE.DEFAULT</srcused><procdate Sync="TRUE">20110617</procdate><proctime Sync="TRUE">20513900</proctime></procstep><procstep><procdesc Sync="TRUE">Dataset copied.</procdesc><srcused Sync="TRUE">\\Geoserver\COPY_BASE_17062011\real_mdb.mdb</srcused><procdate Sync="TRUE">20110619</procdate><proctime Sync="TRUE">13082000</proctime></procstep><procstep><procdesc Sync="TRUE">Dataset copied.</procdesc><srcused Sync="TRUE">Server=192.168.111.7; Service=5151; Database=geodata; User=real; Version=SDE.DEFAULT</srcused><procdate Sync="TRUE">20110625</procdate><proctime Sync="TRUE">12174900</proctime></procstep><procstep><procdesc Sync="TRUE">Dataset copied.</procdesc><srcused Sync="TRUE">\\192.168.111.34\f$\COPY_DATA_BASE_25062011\real_poslecompress_2.gdb</srcused><procdate Sync="TRUE">20110628</procdate><proctime Sync="TRUE">04495400</proctime></procstep><procstep><procdesc Sync="TRUE">Dataset copied.</procdesc><srcused Sync="TRUE">Server=192.168.111.7; Service=5151; Database=geodb; User=real; Version=SDE.DEFAULT</srcused><procdate Sync="TRUE">20110703</procdate><proctime Sync="TRUE">18441000</proctime></procstep><procstep><procdesc Sync="TRUE">Dataset copied.</procdesc><srcused Sync="TRUE">\\192.168.111.34\f$\COPY_BASE_03.07.2011\REAL.mdb</srcused><procdate Sync="TRUE">20110706</procdate><proctime Sync="TRUE">11090600</proctime></procstep><procstep><procdesc Sync="TRUE">Dataset copied.</procdesc><srcused Sync="TRUE">Server=geoserver.kadastr.local; Service=5151; Database=geodata; User=real; Version=SDE.DEFAULT</srcused><procdate Sync="TRUE">20110823</procdate><proctime Sync="TRUE">20154600</proctime></procstep><procstep><procdesc Sync="TRUE">Dataset copied.</procdesc><srcused Sync="TRUE">\\GEOSERVER\D$\copy_23082011\real_23082011.gdb</srcused><procdate Sync="TRUE">20110823</procdate><proctime Sync="TRUE">21045400</proctime></procstep><procstep><procdesc Sync="TRUE">Dataset copied.</procdesc><srcused Sync="TRUE">Server=192.168.111.7; Service=5151; Database=geodata; User=real; Version=SDE.DEFAULT</srcused><procdate Sync="TRUE">20171114</procdate><proctime Sync="TRUE">10125600</proctime></procstep><procstep><procdesc Sync="TRUE">Dataset copied.</procdesc><srcused Sync="TRUE">Server=192.168.111.20; Service=5151; User=interim; Version=SDE.DEFAULT</srcused><procdate Sync="TRUE">20191006</procdate><proctime Sync="TRUE">23205600</proctime></procstep><procstep><procdesc Sync="TRUE">Dataset copied.</procdesc><srcused Sync="TRUE">Server=192.168.113.200; Service=5151; User=genplan; Version=SDE.DEFAULT</srcused><procdate Sync="TRUE">20200123</procdate><proctime Sync="TRUE">09581800</proctime></procstep></lineage></dataqual><dataIdInfo><envirDesc Sync="TRUE"> Version 6.2 (Build 9200) ; Esri ArcGIS 10.4.1.5686</envirDesc><dataLang><languageCode Sync="TRUE" value="rus"></languageCode><countryCode value="RUS" Sync="TRUE"></countryCode></dataLang><idCitation><resTitle Sync="TRUE">Гидрография_Project</resTitle><presForm><PresFormCd value="005" Sync="TRUE"></PresFormCd></presForm></idCitation><dataExt><geoEle><GeoBndBox esriExtentType="native"><westBL Sync="TRUE">-15221.034003</westBL><eastBL Sync="TRUE">22965.038192</eastBL><northBL Sync="TRUE">13600.5843</northBL><southBL Sync="TRUE">-23525.255766</southBL><exTypeCode Sync="TRUE">1</exTypeCode></GeoBndBox></geoEle></dataExt><geoBox esriExtentType="decdegrees"><westBL Sync="TRUE">71.201713</westBL><eastBL Sync="TRUE">71.750895</eastBL><northBL Sync="TRUE">51.293116</northBL><southBL Sync="TRUE">50.956992</southBL><exTypeCode Sync="TRUE">1</exTypeCode></geoBox><spatRpType><SpatRepTypCd value="001" Sync="TRUE"></SpatRepTypCd></spatRpType></dataIdInfo><metainfo><langmeta Sync="TRUE">ru</langmeta><metstdn Sync="TRUE">FGDC Content Standards for Digital Geospatial Metadata</metstdn><metstdv Sync="TRUE">FGDC-STD-001-1998</metstdv><mettc Sync="TRUE">local time</mettc><metc><cntinfo><cntorgp><cntper>REQUIRED: The person responsible for the metadata information.</cntper><cntorg>REQUIRED: The organization responsible for the metadata information.</cntorg></cntorgp><cntaddr><addrtype>REQUIRED: The mailing and/or physical address for the organization or individual.</addrtype><city>REQUIRED: The city of the address.</city><state>REQUIRED: The state or province of the address.</state><postal>REQUIRED: The ZIP or other postal code of the address.</postal></cntaddr><cntvoice>REQUIRED: The telephone number by which individuals can speak to the organization or individual.</cntvoice></cntinfo></metc><metd Sync="TRUE">20200123</metd></metainfo><mdLang><languageCode Sync="TRUE" value="rus"></languageCode><countryCode value="RUS" Sync="TRUE"></countryCode></mdLang><mdStanName Sync="TRUE">ISO 19115 Geographic Information - Metadata</mdStanName><mdStanVer Sync="TRUE">DIS_ESRI1.0</mdStanVer><mdChar><CharSetCd Sync="TRUE" value="004"></CharSetCd></mdChar><mdHrLv><ScopeCd Sync="TRUE" value="005"></ScopeCd></mdHrLv><mdHrLvName Sync="TRUE">dataset</mdHrLvName><distinfo><resdesc Sync="TRUE">Downloadable Data</resdesc><stdorder><digform><digtinfo><transize Sync="TRUE">0,000</transize><dssize Sync="TRUE">0,000</dssize></digtinfo></digform></stdorder></distinfo><spdoinfo><direct Sync="TRUE">Vector</direct><ptvctinf><esriterm Name="Гидрография_Project"><efeatyp Sync="TRUE">Simple</efeatyp><efeageom code="4" Sync="TRUE"></efeageom><esritopo Sync="TRUE">FALSE</esritopo><efeacnt Sync="TRUE">0</efeacnt><spindex Sync="TRUE">FALSE</spindex><linrefer Sync="TRUE">FALSE</linrefer></esriterm></ptvctinf></spdoinfo><spref><horizsys><cordsysn><geogcsn Sync="TRUE">GCS_WGS_1984</geogcsn><projcsn Sync="TRUE">Astana</projcsn></cordsysn><planar><planci><plance Sync="TRUE">coordinate pair</plance><plandu Sync="TRUE">meters</plandu><coordrep><absres Sync="TRUE">0.000000</absres><ordres Sync="TRUE">0.000000</ordres></coordrep></planci></planar><geodetic><horizdn Sync="TRUE">D_WGS_1984</horizdn><ellips Sync="TRUE">WGS_1984</ellips><semiaxis Sync="TRUE">6378137.000000</semiaxis><denflat Sync="TRUE">298.257224</denflat></geodetic></horizsys><vertdef><altsys><altenc Sync="TRUE">Explicit elevation coordinate included with horizontal coordinates</altenc><altres Sync="TRUE">1.000000</altres></altsys></vertdef></spref><refSysInfo><RefSystem><refSysID><identCode Sync="TRUE" code="3857">Astana</identCode><idCodeSpace Sync="TRUE">EPSG</idCodeSpace><idVersion Sync="TRUE">8.8(9.3.1.2)</idVersion></refSysID></RefSystem></refSysInfo><spatRepInfo><VectSpatRep><geometObjs Name="Гидрография_Project"><geoObjTyp><GeoObjTypCd value="002" Sync="TRUE"></GeoObjTypCd></geoObjTyp><geoObjCnt Sync="TRUE">0</geoObjCnt></geometObjs><topLvl><TopoLevCd value="001" Sync="TRUE"></TopoLevCd></topLvl></VectSpatRep></spatRepInfo><eainfo><detailed Name="Гидрография_Project"><enttyp><enttypl Sync="TRUE">Гидрография_Project</enttypl><enttypt Sync="TRUE">Feature Class</enttypt><enttypc Sync="TRUE">0</enttypc></enttyp><attr><attrlabl Sync="TRUE">FID</attrlabl><attalias Sync="TRUE">FID</attalias><attrtype Sync="TRUE">OID</attrtype><attwidth Sync="TRUE">4</attwidth><atprecis Sync="TRUE">0</atprecis><attscale Sync="TRUE">0</attscale><attrdef Sync="TRUE">Internal feature number.</attrdef><attrdefs Sync="TRUE">ESRI</attrdefs><attrdomv><udom Sync="TRUE">Sequential unique whole numbers that are automatically generated.</udom></attrdomv></attr><attr><attrlabl Sync="TRUE">SHAPE</attrlabl><attalias Sync="TRUE">Shape</attalias><attrtype Sync="TRUE">Geometry</attrtype><attwidth Sync="TRUE">0</attwidth><atprecis Sync="TRUE">0</atprecis><attscale Sync="TRUE">0</attscale><attrdef Sync="TRUE">Feature geometry.</attrdef><attrdefs Sync="TRUE">ESRI</attrdefs><attrdomv><udom Sync="TRUE">Coordinates defining the features.</udom></attrdomv></attr><attr><attrlabl Sync="TRUE">ID</attrlabl><attalias Sync="TRUE">ID</attalias><attrtype Sync="TRUE">Integer</attrtype><attwidth Sync="TRUE">10</attwidth><atprecis Sync="TRUE">10</atprecis><attscale Sync="TRUE">0</attscale></attr><attr><attrlabl Sync="TRUE">NAME</attrlabl><attalias Sync="TRUE">NAME</attalias><attrtype Sync="TRUE">String</attrtype><attwidth Sync="TRUE">150</attwidth><atprecis Sync="TRUE">0</atprecis><attscale Sync="TRUE">0</attscale></attr><attr><attrlabl Sync="TRUE">DEPTH_HDR</attrlabl><attalias Sync="TRUE">DEPTH_HDR</attalias><attrtype Sync="TRUE">Double</attrtype><attwidth Sync="TRUE">19</attwidth><atprecis Sync="TRUE">0</atprecis><attscale Sync="TRUE">0</attscale></attr><attr><attrlabl Sync="TRUE">SOIL</attrlabl><attalias Sync="TRUE">SOIL</attalias><attrtype Sync="TRUE">String</attrtype><attwidth Sync="TRUE">50</attwidth><atprecis Sync="TRUE">0</atprecis><attscale Sync="TRUE">0</attscale></attr><attr><attrlabl Sync="TRUE">ID_STYLE</attrlabl><attalias Sync="TRUE">ID_STYLE</attalias><attrtype Sync="TRUE">String</attrtype><attwidth Sync="TRUE">8</attwidth><atprecis Sync="TRUE">0</atprecis><attscale Sync="TRUE">0</attscale></attr><attr><attrlabl Sync="TRUE">GROUND_CON</attrlabl><attalias Sync="TRUE">GROUND_CON</attalias><attrtype Sync="TRUE">String</attrtype><attwidth Sync="TRUE">50</attwidth><atprecis Sync="TRUE">0</atprecis><attscale Sync="TRUE">0</attscale></attr><attr><attrlabl Sync="TRUE">TERRITORYI</attrlabl><attalias Sync="TRUE">TERRITORYI</attalias><attrtype Sync="TRUE">Integer</attrtype><attwidth Sync="TRUE">10</attwidth><atprecis Sync="TRUE">10</atprecis><attscale Sync="TRUE">0</attscale></attr><attr><attrlabl Sync="TRUE">ID_STYLE1</attrlabl><attalias Sync="TRUE">ID_STYLE1</attalias><attrtype Sync="TRUE">Integer</attrtype><attwidth Sync="TRUE">10</attwidth><atprecis Sync="TRUE">10</atprecis><attscale Sync="TRUE">0</attscale></attr><attr><attrlabl Sync="TRUE">SHAPE_Leng</attrlabl><attalias Sync="TRUE">SHAPE_Leng</attalias><attrtype Sync="TRUE">Double</attrtype><attwidth Sync="TRUE">19</attwidth><atprecis Sync="TRUE">0</atprecis><attscale Sync="TRUE">0</attscale></attr><attr><attrlabl Sync="TRUE">Shape_Le_1</attrlabl><attalias Sync="TRUE">Shape_Le_1</attalias><attrtype Sync="TRUE">Double</attrtype><attwidth Sync="TRUE">19</attwidth><atprecis Sync="TRUE">0</atprecis><attscale Sync="TRUE">0</attscale></attr><attr><attrlabl Sync="TRUE">SHAPE_Area</attrlabl><attalias Sync="TRUE">Shape_Area</attalias><attrtype Sync="TRUE">Double</attrtype><attwidth Sync="TRUE">19</attwidth><attrdef Sync="TRUE">Area of feature in internal units squared.</attrdef><attrdefs Sync="TRUE">ESRI</attrdefs><attrdomv><udom Sync="TRUE">Positive real numbers that are automatically generated.</udom></attrdomv><atprecis Sync="TRUE">0</atprecis><attscale Sync="TRUE">0</attscale></attr></detailed></eainfo><mdDateSt Sync="TRUE">20210125</mdDateSt></metadata>
